{"sets": [{"votes": [113502893410938967570], "set": [{"__Pair__": true, "have":{"__Desire__":true, "name":"Calc 4", "position":3}, "want": {"__Desire__":false, "name":"Data Structures", "position":3}, "id":113502893410938967570}, {"__Pair__": true, "have":{"__Desire__":true, "name":"Writing 4", "position":3}, "want": {"__Desire__":false, "name":"Calc 4", "position":3}, "id":113502893410938967571}, {"__Pair__": true, "have":{"__Desire__":true, "name":"Data Structures", "position":3}, "want": {"__Desire__":false, "name":"Writing 4", "position":3}, "id":113502893410938967571}]}]}
